<?xml version="1.0" encoding="UTF-8"?>
<project-private xmlns="http://www.netbeans.org/ns/project-private/1">
    <editor-bookmarks xmlns="http://www.netbeans.org/ns/editor-bookmarks/2" lastBookmarkId="0"/>
    <open-files xmlns="http://www.netbeans.org/ns/projectui-open-files/2">
        <group>
            <file>file:/C:/Users/My%20PC/OneDrive/Desktop/Hoc/StudentManagement/src/Validation/InputValidation.java</file>
            <file>file:/C:/Users/My%20PC/OneDrive/Desktop/Hoc/StudentManagement/src/UI/Menu.java</file>
            <file>file:/C:/Users/My%20PC/OneDrive/Desktop/Hoc/StudentManagement/src/Information/Doctor.java</file>
            <file>file:/C:/Users/My%20PC/OneDrive/Desktop/Hoc/StudentManagement/src/Function/menuFunction.java</file>
            <file>file:/C:/Users/My%20PC/OneDrive/Desktop/Hoc/StudentManagement/src/UI/Main.java</file>
        </group>
    </open-files>
</project-private>
